{
  "model_name": "Qwen3-4B",
  "dataset": "wikitext2",
  "loss": {
    "0.self_attn.q_proj": 0.030855201184749603,
    "0.self_attn.k_proj": 0.030935971066355705,
    "0.self_attn.v_proj": 0.03240351378917694,
    "0.self_attn.o_proj": 0.03243272379040718,
    "0.mlp.up_proj": 0.03106013312935829,
    "0.mlp.gate_proj": 0.03112436830997467,
    "0.mlp.down_proj": 0.03290180861949921,
    "1.self_attn.q_proj": 0.030644962564110756,
    "1.self_attn.k_proj": 0.03063659742474556,
    "1.self_attn.v_proj": 0.0310504212975502,
    "1.self_attn.o_proj": 0.031056981533765793,
    "1.mlp.up_proj": 0.041159387677907944,
    "1.mlp.gate_proj": 0.07415929436683655,
    "1.mlp.down_proj": 0.03338169306516647,
    "2.self_attn.q_proj": 0.030940374359488487,
    "2.self_attn.k_proj": 0.030820250511169434,
    "2.self_attn.v_proj": 0.030862215906381607,
    "2.self_attn.o_proj": 0.030689461156725883,
    "2.mlp.up_proj": 0.03553146496415138,
    "2.mlp.gate_proj": 0.3000825047492981,
    "2.mlp.down_proj": 0.03184611350297928,
    "3.self_attn.q_proj": 0.031114578247070312,
    "3.self_attn.k_proj": 0.030908074229955673,
    "3.self_attn.v_proj": 0.03198837861418724,
    "3.self_attn.o_proj": 0.031028427183628082,
    "3.mlp.up_proj": 0.03360772877931595,
    "3.mlp.gate_proj": 0.13600100576877594,
    "3.mlp.down_proj": 0.03324653208255768,
    "4.self_attn.q_proj": 0.031100235879421234,
    "4.self_attn.k_proj": 0.03064825013279915,
    "4.self_attn.v_proj": 0.030600547790527344,
    "4.self_attn.o_proj": 0.030674409121274948,
    "4.mlp.up_proj": 0.0339755043387413,
    "4.mlp.gate_proj": 0.0501897931098938,
    "4.mlp.down_proj": 0.03469749540090561,
    "5.self_attn.q_proj": 0.0313740111887455,
    "5.self_attn.k_proj": 0.03117651492357254,
    "5.self_attn.v_proj": 0.03166552260518074,
    "5.self_attn.o_proj": 0.030850116163492203,
    "5.mlp.up_proj": 0.03454208746552467,
    "5.mlp.gate_proj": 0.034974321722984314,
    "5.mlp.down_proj": 0.03426642715930939,
    "6.self_attn.q_proj": 0.0313071608543396,
    "6.self_attn.k_proj": 0.031120898202061653,
    "6.self_attn.v_proj": 0.031806085258722305,
    "6.self_attn.o_proj": 0.03155600279569626,
    "6.mlp.up_proj": 0.03448532149195671,
    "6.mlp.gate_proj": 0.03590207174420357,
    "6.mlp.down_proj": 0.15189729630947113,
    "7.self_attn.q_proj": 0.03154172748327255,
    "7.self_attn.k_proj": 0.031517915427684784,
    "7.self_attn.v_proj": 0.03215734660625458,
    "7.self_attn.o_proj": 0.030941495671868324,
    "7.mlp.up_proj": 0.03520604223012924,
    "7.mlp.gate_proj": 0.03442385047674179,
    "7.mlp.down_proj": 0.033301740884780884,
    "8.self_attn.q_proj": 0.031086569651961327,
    "8.self_attn.k_proj": 0.03188393637537956,
    "8.self_attn.v_proj": 0.032303839921951294,
    "8.self_attn.o_proj": 0.031486764550209045,
    "8.mlp.up_proj": 0.033317938446998596,
    "8.mlp.gate_proj": 0.032810695469379425,
    "8.mlp.down_proj": 0.033819280564785004,
    "9.self_attn.q_proj": 0.03131711855530739,
    "9.self_attn.k_proj": 0.03289777413010597,
    "9.self_attn.v_proj": 0.0319596529006958,
    "9.self_attn.o_proj": 0.031115055084228516,
    "9.mlp.up_proj": 0.03417086973786354,
    "9.mlp.gate_proj": 0.03330090641975403,
    "9.mlp.down_proj": 0.035002999007701874,
    "10.self_attn.q_proj": 0.03178028017282486,
    "10.self_attn.k_proj": 0.03182443976402283,
    "10.self_attn.v_proj": 0.032314933836460114,
    "10.self_attn.o_proj": 0.03218545764684677,
    "10.mlp.up_proj": 0.03414146602153778,
    "10.mlp.gate_proj": 0.03336392343044281,
    "10.mlp.down_proj": 0.034593939781188965,
    "11.self_attn.q_proj": 0.03153244033455849,
    "11.self_attn.k_proj": 0.03258302062749863,
    "11.self_attn.v_proj": 0.032609499990940094,
    "11.self_attn.o_proj": 0.03153638541698456,
    "11.mlp.up_proj": 0.033820830285549164,
    "11.mlp.gate_proj": 0.033547159284353256,
    "11.mlp.down_proj": 0.034532543271780014,
    "12.self_attn.q_proj": 0.03173910081386566,
    "12.self_attn.k_proj": 0.0321689173579216,
    "12.self_attn.v_proj": 0.03343972936272621,
    "12.self_attn.o_proj": 0.03237837553024292,
    "12.mlp.up_proj": 0.03386896848678589,
    "12.mlp.gate_proj": 0.03353211283683777,
    "12.mlp.down_proj": 0.03438393026590347,
    "13.self_attn.q_proj": 0.03190406411886215,
    "13.self_attn.k_proj": 0.03189045190811157,
    "13.self_attn.v_proj": 0.032004158943891525,
    "13.self_attn.o_proj": 0.031678780913352966,
    "13.mlp.up_proj": 0.03392397612333298,
    "13.mlp.gate_proj": 0.03279818966984749,
    "13.mlp.down_proj": 0.03396960347890854,
    "14.self_attn.q_proj": 0.03204841539263725,
    "14.self_attn.k_proj": 0.03206579387187958,
    "14.self_attn.v_proj": 0.03433246910572052,
    "14.self_attn.o_proj": 0.03316602483391762,
    "14.mlp.up_proj": 0.03359956294298172,
    "14.mlp.gate_proj": 0.03254452347755432,
    "14.mlp.down_proj": 0.03371186926960945,
    "15.self_attn.q_proj": 0.03321824595332146,
    "15.self_attn.k_proj": 0.03306826949119568,
    "15.self_attn.v_proj": 0.03217121958732605,
    "15.self_attn.o_proj": 0.0328560397028923,
    "15.mlp.up_proj": 0.032795071601867676,
    "15.mlp.gate_proj": 0.032940685749053955,
    "15.mlp.down_proj": 0.03310199826955795,
    "16.self_attn.q_proj": 0.032421909272670746,
    "16.self_attn.k_proj": 0.03112322837114334,
    "16.self_attn.v_proj": 0.033489152789115906,
    "16.self_attn.o_proj": 0.03283938020467758,
    "16.mlp.up_proj": 0.032397083938121796,
    "16.mlp.gate_proj": 0.03161592036485672,
    "16.mlp.down_proj": 0.03267708420753479,
    "17.self_attn.q_proj": 0.0323784314095974,
    "17.self_attn.k_proj": 0.03146566450595856,
    "17.self_attn.v_proj": 0.032045453786849976,
    "17.self_attn.o_proj": 0.03387485444545746,
    "17.mlp.up_proj": 0.03267136961221695,
    "17.mlp.gate_proj": 0.03191806748509407,
    "17.mlp.down_proj": 0.03239664435386658,
    "18.self_attn.q_proj": 0.03258445858955383,
    "18.self_attn.k_proj": 0.032246287912130356,
    "18.self_attn.v_proj": 0.033351510763168335,
    "18.self_attn.o_proj": 0.032932378351688385,
    "18.mlp.up_proj": 0.0335550457239151,
    "18.mlp.gate_proj": 0.032265130430459976,
    "18.mlp.down_proj": 0.0325801819562912,
    "19.self_attn.q_proj": 0.032194435596466064,
    "19.self_attn.k_proj": 0.032421357929706573,
    "19.self_attn.v_proj": 0.03218724951148033,
    "19.self_attn.o_proj": 0.03342039883136749,
    "19.mlp.up_proj": 0.03352931886911392,
    "19.mlp.gate_proj": 0.03238610923290253,
    "19.mlp.down_proj": 0.03273602947592735,
    "20.self_attn.q_proj": 0.03173284977674484,
    "20.self_attn.k_proj": 0.031910065561532974,
    "20.self_attn.v_proj": 0.03263484686613083,
    "20.self_attn.o_proj": 0.03273914381861687,
    "20.mlp.up_proj": 0.03254251554608345,
    "20.mlp.gate_proj": 0.03276951611042023,
    "20.mlp.down_proj": 0.032270610332489014,
    "21.self_attn.q_proj": 0.03382515162229538,
    "21.self_attn.k_proj": 0.03189858794212341,
    "21.self_attn.v_proj": 0.0325804129242897,
    "21.self_attn.o_proj": 0.03278648853302002,
    "21.mlp.up_proj": 0.033134542405605316,
    "21.mlp.gate_proj": 0.03292100131511688,
    "21.mlp.down_proj": 0.03229532390832901,
    "22.self_attn.q_proj": 0.033322498202323914,
    "22.self_attn.k_proj": 0.03267072141170502,
    "22.self_attn.v_proj": 0.03355007618665695,
    "22.self_attn.o_proj": 0.03441542387008667,
    "22.mlp.up_proj": 0.03387002274394035,
    "22.mlp.gate_proj": 0.03524552658200264,
    "22.mlp.down_proj": 0.033758558332920074,
    "23.self_attn.q_proj": 0.03267897665500641,
    "23.self_attn.k_proj": 0.03186503052711487,
    "23.self_attn.v_proj": 0.033015646040439606,
    "23.self_attn.o_proj": 0.03326281160116196,
    "23.mlp.up_proj": 0.03383508697152138,
    "23.mlp.gate_proj": 0.034341856837272644,
    "23.mlp.down_proj": 0.034156523644924164,
    "24.self_attn.q_proj": 0.0324690155684948,
    "24.self_attn.k_proj": 0.032558634877204895,
    "24.self_attn.v_proj": 0.03308093547821045,